{
    "commit": "a07cb5800a69fadfa4e8d2e34c4cb1c29cb4dd6d",
    "cpu-test-base-machine": "Mac Mini with 2.3 GHz i7 processors, 16GB RAM, 250GB SSD",
    "cpu-test-docker-settings": "2 cores, 4GB RAM",
    "test_cpu_speed_mini_sequence_labeler": {
        "mean": 100,
        "sigma": 0.08150000000000013
    },
    "test_cpu_speed_mnist": {
        "mean": 100,
        "sigma": 1.9034999999999993
    },
    "torch.numel": {
        "mean": 0.00022259411169216038,
        "sigma": 2.225941116921604e-05
    },
    "torch.eye": {
        "mean": 0.0021308988099917768,
        "sigma": 0.00026252731378619053
    },
    "torch.from_numpy": {
        "mean": 0.0009955419576726855,
        "sigma": 9.955419576726856e-05
    },
    "torch.linspace": {
        "mean": 0.0017909777001477779,
        "sigma": 0.0001790977700147778
    },
    "torch.logspace": {
        "mean": 0.0022498812549747527,
        "sigma": 0.00022498812549747528
    },
    "torch.ones": {
        "mean": 0.0021029227622784675,
        "sigma": 0.00028882482883657156
    },
    "torch.ones_like": {
        "mean": 0.002173874645959586,
        "sigma": 0.00021738746459595859
    },
    "torch.arange": {
        "mean": 0.0017772906250320376,
        "sigma": 0.00017772906250320376
    },
    "torch.zeros": {
        "mean": 0.0021289661899209023,
        "sigma": 0.00021289661899209024
    },
    "torch.zeros_like": {
        "mean": 0.0022832485381513836,
        "sigma": 0.00022832485381513837
    },
    "torch.cat": {
        "mean": 0.0021555307577364145,
        "sigma": 0.0003012464345877785
    },
    "torch.chunk": {
        "mean": 0.0032696771807968618,
        "sigma": 0.0003269677180796862
    },
    "torch.gather": {
        "mean": 0.004308704505674541,
        "sigma": 0.00043087045056745414
    },
    "torch.index_select": {
        "mean": 0.003133605371695012,
        "sigma": 0.0003596667251378773
    },
    "torch.masked_select": {
        "mean": 0.0027577463584020734,
        "sigma": 0.00027577463584020737
    },
    "torch.nonzero": {
        "mean": 0.0018243550811894238,
        "sigma": 0.0001824355081189424
    },
    "torch.split": {
        "mean": 0.0025645358115434645,
        "sigma": 0.00027166409730953095
    },
    "torch.squeeze": {
        "mean": 0.0019443056476302445,
        "sigma": 0.00019443056476302445
    },
    "torch.stack": {
        "mean": 0.004496401019860059,
        "sigma": 0.00044964010198600586
    },
    "torch.t": {
        "mean": 0.0012463925103656948,
        "sigma": 0.00023640793328570404
    },
    "torch.take": {
        "mean": 0.0025900291255675258,
        "sigma": 0.0002590029125567526
    },
    "torch.transpose": {
        "mean": 0.0012854529265314341,
        "sigma": 0.00016494913311064293
    },
    "torch.unbind": {
        "mean": 0.006587749836035073,
        "sigma": 0.0006587749836035073
    },
    "torch.unsqueeze": {
        "mean": 0.0018415680807083844,
        "sigma": 0.00018415680807083845
    },
    "torch.bernoulli": {
        "mean": 0.0020536011923104527,
        "sigma": 0.00020536011923104528
    },
    "torch.multinomial": {
        "mean": 0.0027916675945743917,
        "sigma": 0.0002791667594574392
    },
    "torch.normal": {
        "mean": 0.003703391246963292,
        "sigma": 0.00037033912469632924
    },
    "torch.rand": {
        "mean": 0.0014590609609149397,
        "sigma": 0.00015735428347674328
    },
    "torch.randn": {
        "mean": 0.0028397553437389434,
        "sigma": 0.00028397553437389437
    },
    "torch.randperm": {
        "mean": 0.0027080394770018757,
        "sigma": 0.0002708039477001876
    },
    "torch.abs": {
        "mean": 0.0017180416057817637,
        "sigma": 0.0001718041605781764
    },
    "torch.acos": {
        "mean": 0.0018202408147044479,
        "sigma": 0.0001820240814704448
    },
    "torch.add": {
        "mean": 0.0028939529648050666,
        "sigma": 0.00028939529648050667
    },
    "torch.addcdiv": {
        "mean": 0.003472106484696269,
        "sigma": 0.00044957605023962684
    },
    "torch.addcmul": {
        "mean": 0.003440554754342884,
        "sigma": 0.0003440554754342884
    },
    "torch.asin": {
        "mean": 0.0018193800072185695,
        "sigma": 0.00018193800072185696
    },
    "torch.atan": {
        "mean": 0.0017979503516107798,
        "sigma": 0.000179795035161078
    },
    "torch.atan2": {
        "mean": 0.0019106228719465435,
        "sigma": 0.00023203653825561274
    },
    "torch.ceil": {
        "mean": 0.0015965237468481064,
        "sigma": 0.00015965237468481067
    },
    "torch.clamp": {
        "mean": 0.002949865248519927,
        "sigma": 0.0002949865248519927
    },
    "torch.cos": {
        "mean": 0.0015711544663645327,
        "sigma": 0.0001571154466364533
    },
    "torch.cosh": {
        "mean": 0.0017935528373345733,
        "sigma": 0.00023638041569428976
    },
    "torch.div": {
        "mean": 0.0026658258074894548,
        "sigma": 0.0002665825807489455
    },
    "torch.erf": {
        "mean": 0.0017062155483290554,
        "sigma": 0.00020354058151874296
    },
    "torch.erfinv": {
        "mean": 0.0027060688217170536,
        "sigma": 0.00028612641454141464
    },
    "torch.exp": {
        "mean": 0.0017106916685588657,
        "sigma": 0.00017106916685588657
    },
    "torch.floor": {
        "mean": 0.0015926546743139625,
        "sigma": 0.00015926546743139626
    },
    "torch.fmod": {
        "mean": 0.002584812284912914,
        "sigma": 0.00025848122849129145
    },
    "torch.frac": {
        "mean": 0.0016748960665427149,
        "sigma": 0.0001674896066542715
    },
    "torch.lerp": {
        "mean": 0.0021084555541165174,
        "sigma": 0.00021084555541165176
    },
    "torch.log": {
        "mean": 0.0018845742777921259,
        "sigma": 0.0001884574277792126
    },
    "torch.log1p": {
        "mean": 0.0017551123653538525,
        "sigma": 0.00017551123653538527
    },
    "torch.mul": {
        "mean": 0.002594976096879691,
        "sigma": 0.00025949760968796914
    },
    "torch.neg": {
        "mean": 0.0015413108211942018,
        "sigma": 0.00015413108211942018
    },
    "torch.pow": {
        "mean": 0.003095373378600925,
        "sigma": 0.0003095373378600925
    },
    "torch.reciprocal": {
        "mean": 0.0015818401495926082,
        "sigma": 0.0002642778206465831
    },
    "torch.remainder": {
        "mean": 0.0025185041362419725,
        "sigma": 0.00031438083727270474
    },
    "torch.round": {
        "mean": 0.0015235743019729852,
        "sigma": 0.00015235743019729854
    },
    "torch.rsqrt": {
        "mean": 0.0018606347986496986,
        "sigma": 0.00020167187061707114
    },
    "torch.sigmoid": {
        "mean": 0.0017739808605983854,
        "sigma": 0.00017739808605983856
    },
    "torch.sign": {
        "mean": 0.0014163103443570436,
        "sigma": 0.00014163103443570437
    },
    "torch.sin": {
        "mean": 0.00187368159648031,
        "sigma": 0.000187368159648031
    },
    "torch.sinh": {
        "mean": 0.0018548771482892335,
        "sigma": 0.00018548771482892337
    },
    "torch.sqrt": {
        "mean": 0.001858829683624208,
        "sigma": 0.00029007590864550713
    },
    "torch.tan": {
        "mean": 0.0017919724946841597,
        "sigma": 0.00017919724946841598
    },
    "torch.tanh": {
        "mean": 0.0017382908379659056,
        "sigma": 0.00017382908379659056
    },
    "torch.trunc": {
        "mean": 0.0016586121823638678,
        "sigma": 0.00017712802539595403
    },
    "torch.cumprod": {
        "mean": 0.0017453524167649447,
        "sigma": 0.00017453524167649449
    },
    "torch.cumsum": {
        "mean": 0.0016247277404181659,
        "sigma": 0.0001624727740418166
    },
    "torch.dist": {
        "mean": 0.00395504888612777,
        "sigma": 0.00039550488861277703
    },
    "torch.mean": {
        "mean": 0.0033965680515393613,
        "sigma": 0.0003396568051539362
    },