{
    "commit": "28b1c94f0f06d4acdff418b1f78db82fec470084",
    "cpu-test-base-machine": "Mac Mini with 2.3 GHz i7 processors, 16GB RAM, 250GB SSD",
    "cpu-test-docker-settings": "2 cores, 4GB RAM",
    "test_cpu_speed_mini_sequence_labeler": {
        "mean": 1000,
        "sigma": 0.5384103337604135
    },
    "test_cpu_speed_mnist": {
        "mean": 1000,
        "sigma": 1.258952405772355
    },
    "torch.numel": {
        "mean": 0.007273876550000005,
        "sigma": 0.0007273876550000005
    },
    "torch.eye": {
        "mean": 0.009148542749999985,
        "sigma": 0.0009148542749999986
    },
    "torch.from_numpy": {
        "mean": 0.008423982749999998,
        "sigma": 0.0008423982749999998
    },
    "torch.linspace": {
        "mean": 0.014392401599999998,
        "sigma": 0.0014392401599999998
    },
    "torch.logspace": {
        "mean": 0.014627591450000022,
        "sigma": 0.0014627591450000023
    },
    "torch.ones": {
        "mean": 0.010175168850000017,
        "sigma": 0.0010175168850000017
    },
    "torch.ones_like": {
        "mean": 0.009910676650000028,
        "sigma": 0.0009910676650000028
    },
    "torch.arange": {
        "mean": 0.011085031499999986,
        "sigma": 0.0011085031499999986
    },
    "torch.zeros": {
        "mean": 0.010191480200000014,
        "sigma": 0.0010191480200000015
    },
    "torch.zeros_like": {
        "mean": 0.01000272750000002,
        "sigma": 0.001000272750000002
    },
    "torch.cat": {
        "mean": 0.012771173950000003,
        "sigma": 0.0012771173950000003
    },
    "torch.chunk": {
        "mean": 0.012398399149999939,
        "sigma": 0.001239839914999994
    },
    "torch.gather": {
        "mean": 0.019454577299999998,
        "sigma": 0.00194545773
    },
    "torch.index_select": {
        "mean": 0.012091720250000049,
        "sigma": 0.001209172025000005
    },
    "torch.masked_select": {
        "mean": 0.011267301550000063,
        "sigma": 0.0011267301550000064
    },
    "torch.nonzero": {
        "mean": 0.009030072450000027,
        "sigma": 0.0009030072450000028
    },
    "torch.split": {
        "mean": 0.012446502249999991,
        "sigma": 0.0012446502249999992
    },
    "torch.squeeze": {
        "mean": 0.009166534700000017,
        "sigma": 0.0009166534700000017
    },
    "torch.stack": {
        "mean": 0.014438111649999997,
        "sigma": 0.0014438111649999997
    },
    "torch.t": {
        "mean": 0.008536954500000072,
        "sigma": 0.0008536954500000072
    },
    "torch.take": {
        "mean": 0.010939012549999915,
        "sigma": 0.0010939012549999916
    },
    "torch.transpose": {
        "mean": 0.010596486250000047,
        "sigma": 0.0010596486250000047
    },
    "torch.unbind": {
        "mean": 0.01273447209999996,
        "sigma": 0.0012734472099999962
    },
    "torch.unsqueeze": {
        "mean": 0.010128114299999913,
        "sigma": 0.0010128114299999913
    },
    "torch.bernoulli": {
        "mean": 0.009360980849999923,
        "sigma": 0.0009360980849999923
    },
    "torch.multinomial": {
        "mean": 0.011136616149999811,
        "sigma": 0.0011136616149999812
    },
    "torch.normal": {
        "mean": 0.014671340350000017,
        "sigma": 0.0014671340350000017
    },
    "torch.rand": {
        "mean": 0.009780406949999997,
        "sigma": 0.0009780406949999997
    },
    "torch.randn": {
        "mean": 0.01060071939999987,
        "sigma": 0.001060071939999987
    },
    "torch.randperm": {
        "mean": 0.010267577100000036,
        "sigma": 0.0010267577100000036
    },
    "torch.abs": {
        "mean": 0.008882658150000156,
        "sigma": 0.0008882658150000157
    },
    "torch.acos": {
        "mean": 0.009219793350000005,
        "sigma": 0.0009219793350000006
    },
    "torch.add": {
        "mean": 0.012093970800000076,
        "sigma": 0.0012093970800000076
    },
    "torch.addcdiv": {
        "mean": 0.013939435699999957,
        "sigma": 0.001393943569999996
    },
    "torch.addcmul": {
        "mean": 0.013671461400000019,
        "sigma": 0.001367146140000002
    },
    "torch.asin": {
        "mean": 0.008933382749999729,
        "sigma": 0.0008933382749999729
    },
    "torch.atan": {
        "mean": 0.00903466309999983,
        "sigma": 0.000903466309999983
    },
    "torch.atan2": {
        "mean": 0.010349477749999902,
        "sigma": 0.0010349477749999902
    },
    "torch.ceil": {
        "mean": 0.009063179299999913,
        "sigma": 0.0009063179299999913
    },
    "torch.clamp": {
        "mean": 0.014168550149999959,
        "sigma": 0.0014168550149999959
    },
    "torch.cos": {
        "mean": 0.009004236200000104,
        "sigma": 0.0009004236200000104
    },
    "torch.cosh": {
        "mean": 0.009171135549999843,
        "sigma": 0.0009171135549999843
    },
    "torch.div": {
        "mean": 0.010866466550000098,
        "sigma": 0.0010866466550000099
    },
    "torch.erf": {
        "mean": 0.00897765140000013,
        "sigma": 0.000897765140000013
    },
    "torch.erfinv": {
        "mean": 0.009385205600000113,
        "sigma": 0.0009385205600000113
    },
    "torch.exp": {
        "mean": 0.008916173649999947,
        "sigma": 0.0008916173649999948
    },
    "torch.floor": {
        "mean": 0.008906132050000081,
        "sigma": 0.0008906132050000081
    },
    "torch.fmod": {
        "mean": 0.010495363750000309,
        "sigma": 0.001049536375000031
    },
    "torch.frac": {
        "mean": 0.008929457949999975,
        "sigma": 0.0008929457949999975
    },
    "torch.lerp": {
        "mean": 0.01173189395000005,
        "sigma": 0.001173189395000005
    },
    "torch.log": {
        "mean": 0.00896703900000011,
        "sigma": 0.0008967039000000111
    },
    "torch.log1p": {
        "mean": 0.00893752960000036,
        "sigma": 0.000893752960000036
    },
    "torch.mul": {
        "mean": 0.010803246150000057,
        "sigma": 0.0010803246150000057
    },
    "torch.neg": {
        "mean": 0.008906676550000103,
        "sigma": 0.0008906676550000103
    },
    "torch.pow": {
        "mean": 0.010990299050000197,
        "sigma": 0.0010990299050000197
    },
    "torch.reciprocal": {
        "mean": 0.008970252300000236,
        "sigma": 0.0008970252300000237
    },
    "torch.remainder": {
        "mean": 0.010692162649999925,
        "sigma": 0.0010692162649999927
    },
    "torch.round": {
        "mean": 0.008929508550000076,
        "sigma": 0.0008929508550000076
    },
    "torch.rsqrt": {
        "mean": 0.009085479599999946,
        "sigma": 0.0009085479599999946
    },
    "torch.sigmoid": {
        "mean": 0.009049837900000047,
        "sigma": 0.0009049837900000047
    },
    "torch.sign": {
        "mean": 0.008812942599999918,
        "sigma": 0.0008812942599999919
    },
    "torch.sin": {
        "mean": 0.008895156500000213,
        "sigma": 0.0008895156500000213
    },
    "torch.sinh": {
        "mean": 0.00913932110000033,
        "sigma": 0.0009139321100000331
    },
    "torch.sqrt": {
        "mean": 0.009001107599999702,
        "sigma": 0.0009001107599999703
    },
    "torch.tan": {
        "mean": 0.009063094499999824,
        "sigma": 0.0009063094499999824
    },
    "torch.tanh": {
        "mean": 0.009250249800000266,
        "sigma": 0.0009250249800000266
    },
    "torch.trunc": {
        "mean": 0.008872015849999748,
        "sigma": 0.0008872015849999749
    },
    "torch.cumprod": {
        "mean": 0.011012161650000251,
        "sigma": 0.001101216165000025
    },
    "torch.cumsum": {
        "mean": 0.011216987399999745,
        "sigma": 0.0011216987399999745
    },
    "torch.dist": {
        "mean": 0.01262499114999951,
        "sigma": 0.001262499114999951
    },
    "torch.mean": {
        "mean": 0.010938085899999983,
        "sigma": 0.0010938085899999982
    },
    "torch.median": {
        "mean": 0.011777527499999784,
        "sigma": 0.0011777527499999786
    },