{
    "commit": "a07cb5800a69fadfa4e8d2e34c4cb1c29cb4dd6d",
    "cpu-test-base-machine": "Mac Mini with 2.3 GHz i7 processors, 16GB RAM, 250GB SSD",
    "cpu-test-docker-settings": "2 cores, 4GB RAM",
    "test_cpu_speed_mini_sequence_labeler": {
        "mean": 100,
        "sigma": 0.08150000000000013
    },
    "test_cpu_speed_mnist": {
        "mean": 100,
        "sigma": 1.9034999999999993
    },
    "torch.numel": {
        "mean": 0,
        "sigma": 0.0013953869400000008
    },
    "torch.eye": {
        "mean": 0.02196055554999999,
        "sigma": 0.0021960555549999992
    },
    "torch.from_numpy": {
        "mean": 0.01810483070000002,
        "sigma": 0.001810483070000002
    },
    "torch.linspace": {
        "mean": 0.02966766145000004,
        "sigma": 0.002966766145000004
    },
    "torch.logspace": {
        "mean": 0.02992141535000007,
        "sigma": 0.002992141535000007
    },
    "torch.ones": {
        "mean": 0.02312294370000003,
        "sigma": 0.002312294370000003
    },
    "torch.ones_like": {
        "mean": 0.022277337550000054,
        "sigma": 0.0022277337550000056
    },
    "torch.arange": {
        "mean": 0.023415288950000047,
        "sigma": 0.002341528895000005
    },
    "torch.zeros": {
        "mean": 0.02298882840000003,
        "sigma": 0.002298882840000003
    },
    "torch.zeros_like": {
        "mean": 0.02390949880000002,
        "sigma": 0.002390949880000002
    },
    "torch.cat": {
        "mean": 0.026364984699999993,
        "sigma": 0.0026364984699999996
    },
    "torch.chunk": {
        "mean": 0.02637071715000001,
        "sigma": 0.0026370717150000014
    },
    "torch.gather": {
        "mean": 0.06387344534999997,
        "sigma": 0.006387344534999998
    },
    "torch.index_select": {
        "mean": 0.02803490574999996,
        "sigma": 0.002803490574999996
    },
    "torch.masked_select": {
        "mean": 0.026262024650000094,
        "sigma": 0.0026262024650000096
    },
    "torch.nonzero": {
        "mean": 0.01986758654999985,
        "sigma": 0.001986758654999985
    },
    "torch.split": {
        "mean": 0.025125228899999998,
        "sigma": 0.00251252289
    },
    "torch.squeeze": {
        "mean": 0.02097072804999973,
        "sigma": 0.002097072804999973
    },
    "torch.stack": {
        "mean": 0.0324728552499999,
        "sigma": 0.00324728552499999
    },
    "torch.t": {
        "mean": 0.019360272850000103,
        "sigma": 0.0019360272850000105
    },
    "torch.take": {
        "mean": 0.02614416104999968,
        "sigma": 0.0026144161049999684
    },
    "torch.transpose": {
        "mean": 0.022231860099999955,
        "sigma": 0.0022231860099999954
    },
    "torch.unbind": {
        "mean": 0.030296459800000085,
        "sigma": 0.0030296459800000087
    },
    "torch.unsqueeze": {
        "mean": 0.022514211749999992,
        "sigma": 0.0022514211749999993
    },
    "torch.bernoulli": {
        "mean": 0.021277292999999985,
        "sigma": 0.0021277292999999984
    },
    "torch.multinomial": {
        "mean": 0.025600442099999832,
        "sigma": 0.0025600442099999836
    },
    "torch.normal": {
        "mean": 0.03274105365000004,
        "sigma": 0.003274105365000004
    },
    "torch.rand": {
        "mean": 0.02155850190000006,
        "sigma": 0.002155850190000006
    },
    "torch.randn": {
        "mean": 0.024045040899999835,
        "sigma": 0.0024045040899999836
    },
    "torch.randperm": {
        "mean": 0.02094847884999993,
        "sigma": 0.0020948478849999934
    },
    "torch.abs": {
        "mean": 0.020116830549999687,
        "sigma": 0.0020116830549999688
    },
    "torch.acos": {
        "mean": 0.021334918149999816,
        "sigma": 0.0021334918149999815
    },
    "torch.add": {
        "mean": 0.028508025050000184,
        "sigma": 0.0028508025050000187
    },
    "torch.addcdiv": {
        "mean": 0.03158340605000039,
        "sigma": 0.0031583406050000387
    },
    "torch.addcmul": {
        "mean": 0.03066126285000035,
        "sigma": 0.003066126285000035
    },
    "torch.asin": {
        "mean": 0.020790909199999597,
        "sigma": 0.00207909091999996
    },
    "torch.atan": {
        "mean": 0.02077628300000054,
        "sigma": 0.002077628300000054
    },
    "torch.atan2": {
        "mean": 0.02388459100000002,
        "sigma": 0.002388459100000002
    },
    "torch.ceil": {
        "mean": 0.021267266750000326,
        "sigma": 0.0021267266750000327
    },
    "torch.clamp": {
        "mean": 0.031986457450000214,
        "sigma": 0.0031986457450000217
    },
    "torch.cos": {
        "mean": 0.020212246499999864,
        "sigma": 0.0020212246499999864
    },
    "torch.cosh": {
        "mean": 0.021242653700000245,
        "sigma": 0.0021242653700000247
    },
    "torch.div": {
        "mean": 0.02590281474999969,
        "sigma": 0.0025902814749999693
    },
    "torch.erf": {
        "mean": 0.020760842150000337,
        "sigma": 0.0020760842150000336
    },
    "torch.erfinv": {
        "mean": 0.02269031240000068,
        "sigma": 0.002269031240000068
    },
    "torch.exp": {
        "mean": 0.020659476950000234,
        "sigma": 0.0020659476950000235
    },
    "torch.floor": {
        "mean": 0.020808326149999702,
        "sigma": 0.00208083261499997
    },
    "torch.fmod": {
        "mean": 0.02557241170000015,
        "sigma": 0.0025572411700000154
    },
    "torch.frac": {
        "mean": 0.02040493264999963,
        "sigma": 0.0020404932649999634
    },
    "torch.lerp": {
        "mean": 0.02736626675000018,
        "sigma": 0.0027366266750000184
    },
    "torch.log": {
        "mean": 0.02109002065000034,
        "sigma": 0.002109002065000034
    },
    "torch.log1p": {
        "mean": 0.02081025494999995,
        "sigma": 0.0020810254949999952
    },
    "torch.mul": {
        "mean": 0.025031836700000375,
        "sigma": 0.0025031836700000376
    },
    "torch.neg": {
        "mean": 0.020453873799999835,
        "sigma": 0.0020453873799999834
    },
    "torch.pow": {
        "mean": 0.025902316300000016,
        "sigma": 0.002590231630000002
    },
    "torch.reciprocal": {
        "mean": 0.0200688956999997,
        "sigma": 0.00200688956999997
    },
    "torch.remainder": {
        "mean": 0.025894840999999325,
        "sigma": 0.002589484099999933
    },
    "torch.round": {
        "mean": 0.020655609650000174,
        "sigma": 0.0020655609650000175
    },
    "torch.rsqrt": {
        "mean": 0.02021333384999995,
        "sigma": 0.002021333384999995
    },
    "torch.sigmoid": {
        "mean": 0.021097797150000198,
        "sigma": 0.0021097797150000197
    },
    "torch.sign": {
        "mean": 0.020978755400000715,
        "sigma": 0.0020978755400000715
    },
    "torch.sin": {
        "mean": 0.02044309999999978,
        "sigma": 0.002044309999999978
    },
    "torch.sinh": {
        "mean": 0.021137615949999678,
        "sigma": 0.0021137615949999677
    },
    "torch.sqrt": {
        "mean": 0.02084325664999955,
        "sigma": 0.0020843256649999554
    },
    "torch.tan": {
        "mean": 0.020561301649999565,
        "sigma": 0.0020561301649999566
    },
    "torch.tanh": {
        "mean": 0.020730984750000125,
        "sigma": 0.0020730984750000126
    },
    "torch.trunc": {
        "mean": 0.020580398600000292,
        "sigma": 0.0020580398600000293
    },
    "torch.cumprod": {
        "mean": 0.02410601745000065,
        "sigma": 0.002410601745000065
    },
    "torch.cumsum": {
        "mean": 0.024188960250000592,
        "sigma": 0.0024188960250000596
    },
    "torch.dist": {
        "mean": 0.030477454600000443,
        "sigma": 0.0030477454600000443
    },
    "torch.mean": {
        "mean": 0.02742455005000082,
        "sigma": 0.002742455005000082
    },
    "torch.median": {
        "mean": 0.026462763700000735,
        "sigma": 0.0026462763700000735
    },
    "torch.mode": {
        "mean": 0.027472897299999133,