{
    "commit": "a07cb5800a69fadfa4e8d2e34c4cb1c29cb4dd6d",
    "cpu-test-base-machine": "Mac Mini with 2.3 GHz i7 processors, 16GB RAM, 250GB SSD",
    "cpu-test-docker-settings": "2 cores, 4GB RAM",
    "test_cpu_speed_mini_sequence_labeler": {
        "mean": 100,
        "sigma": 0.08150000000000013
    },
    "test_cpu_speed_mnist": {
        "mean": 100,
        "sigma": 1.9034999999999993
    },
    "torch.numel": {
        "mean": 0.014611034000000004,
        "sigma": 0.0012725380344759697
    },
    "torch.eye": {
        "mean": 0.0222349578,
        "sigma": 0.0016158029713538129
    },
    "torch.from_numpy": {
        "mean": 0.0182877179,
        "sigma": 0.0002120540319548292
    },
    "torch.linspace": {
        "mean": 0.029417990100000024,
        "sigma": 0.0009137971208653053
    },
    "torch.logspace": {
        "mean": 0.030196791950000024,
        "sigma": 0.0012582661874011329
    },
    "torch.ones": {
        "mean": 0.02347114254999998,
        "sigma": 0.0011041620825646046
    },
    "torch.ones_like": {
        "mean": 0.022649704900000022,
        "sigma": 0.000247333002230777
    },
    "torch.arange": {
        "mean": 0.024628983199999975,
        "sigma": 0.0014372080786363495
    },
    "torch.zeros": {
        "mean": 0.02351306780000013,
        "sigma": 0.00123408169966116
    },
    "torch.zeros_like": {
        "mean": 0.023005634100000005,
        "sigma": 0.0008749928744750774
    },
    "torch.cat": {
        "mean": 0.027046309100000034,
        "sigma": 0.0018446241683880017
    },
    "torch.chunk": {
        "mean": 0.026603061549999918,
        "sigma": 0.0002736058561629906
    },
    "torch.gather": {
        "mean": 0.03783270374999996,
        "sigma": 0.000741018908140959
    },
    "torch.index_select": {
        "mean": 0.028281733800000007,
        "sigma": 0.0011490397726506968
    },
    "torch.masked_select": {
        "mean": 0.026249694099999797,
        "sigma": 0.0009016030843593038
    },
    "torch.nonzero": {
        "mean": 0.020078333699999895,
        "sigma": 0.0011661265929109026
    },
    "torch.split": {
        "mean": 0.0256396187,
        "sigma": 0.00024168629644368323
    },
    "torch.squeeze": {
        "mean": 0.021289549199999945,
        "sigma": 0.000827971258443222
    },
    "torch.stack": {
        "mean": 0.031243410699999873,
        "sigma": 0.0009182444218583512
    },
    "torch.t": {
        "mean": 0.018824100299999813,
        "sigma": 0.000986861422528652
    },
    "torch.take": {
        "mean": 0.0261127012000002,
        "sigma": 0.001310255363523814
    },
    "torch.transpose": {
        "mean": 0.022287554249999886,
        "sigma": 0.00022374700343762033
    },
    "torch.unbind": {
        "mean": 0.04349500209999997,
        "sigma": 0.00697696711145585
    },
    "torch.unsqueeze": {
        "mean": 0.025349004150000097,
        "sigma": 0.0055219119907830355
    },
    "torch.bernoulli": {
        "mean": 0.023361921650000016,
        "sigma": 0.00574253066330795
    },
    "torch.multinomial": {
        "mean": 0.027855186849999748,
        "sigma": 0.005731654469051057
    },
    "torch.normal": {
        "mean": 0.03685869079999984,
        "sigma": 0.006116948465710186
    },
    "torch.rand": {
        "mean": 0.023857569050000027,
        "sigma": 0.005544146782214123
    },
    "torch.randn": {
        "mean": 0.025790122000000082,
        "sigma": 0.006411122085102536
    },
    "torch.randperm": {
        "mean": 0.023255552400000122,
        "sigma": 0.00562241422276051
    },
    "torch.abs": {
        "mean": 0.02422349510000048,
        "sigma": 0.008287342988020838
    },
    "torch.acos": {
        "mean": 0.035310206300000146,
        "sigma": 0.006219666461600592
    },
    "torch.add": {
        "mean": 0.04185178900000004,
        "sigma": 0.006033105627340653
    },
    "torch.addcdiv": {
        "mean": 0.046524713900000056,
        "sigma": 0.005139322622779105
    },
    "torch.addcmul": {
        "mean": 0.0318577293500006,
        "sigma": 0.0003060441131244173
    },
    "torch.asin": {
        "mean": 0.02130879790000062,
        "sigma": 0.0010652154096903624
    },
    "torch.atan": {
        "mean": 0.021533937999999787,
        "sigma": 0.0014146456349856745
    },
    "torch.atan2": {
        "mean": 0.02391885639999991,
        "sigma": 0.0013042219822250063
    },
    "torch.ceil": {
        "mean": 0.020738961649999686,
        "sigma": 0.0009410620674694525
    },
    "torch.clamp": {
        "mean": 0.03247627460000011,
        "sigma": 0.0010026603969976824
    },
    "torch.cos": {
        "mean": 0.020698802349999566,
        "sigma": 0.0008561786981784702
    },
    "torch.cosh": {
        "mean": 0.021144836100000574,
        "sigma": 0.0009375069106397575
    },
    "torch.div": {
        "mean": 0.025569532549999784,
        "sigma": 0.0009641861210536347
    },
    "torch.erf": {
        "mean": 0.02084271499999968,
        "sigma": 0.0001731532511080733
    },
    "torch.erfinv": {
        "mean": 0.023192460199999942,
        "sigma": 0.0011611294239306101
    },
    "torch.exp": {
        "mean": 0.021813043900000294,
        "sigma": 0.0010597194218491686
    },
    "torch.floor": {
        "mean": 0.020734376049999705,
        "sigma": 0.0006696021964804265
    },
    "torch.fmod": {
        "mean": 0.026119458449999834,
        "sigma": 0.0009310839291801193
    },
    "torch.frac": {
        "mean": 0.020886169450000658,
        "sigma": 0.001306882728949522
    },
    "torch.lerp": {
        "mean": 0.026433884499999928,
        "sigma": 0.00029059809238925926
    },
    "torch.log": {
        "mean": 0.020568198750000023,
        "sigma": 0.0002428495523566906
    },
    "torch.log1p": {
        "mean": 0.02078921314999995,
        "sigma": 0.000650790288372508
    },
    "torch.mul": {
        "mean": 0.02563638699999977,
        "sigma": 0.001012566699569863
    },
    "torch.neg": {
        "mean": 0.020409931350000042,
        "sigma": 0.0007625534285696955
    },
    "torch.pow": {
        "mean": 0.027024672400000505,
        "sigma": 0.0016340134387832193
    },
    "torch.reciprocal": {
        "mean": 0.020957711299999994,
        "sigma": 0.0014112877252077348
    },
    "torch.remainder": {
        "mean": 0.02598169799999983,
        "sigma": 0.0009305207597727089
    },
    "torch.round": {
        "mean": 0.021429723700000024,
        "sigma": 0.0008431401860943331
    },
    "torch.rsqrt": {
        "mean": 0.02125084890000011,
        "sigma": 0.001442427093641047
    },
    "torch.sigmoid": {
        "mean": 0.02103194204999994,
        "sigma": 0.0010534572011783256
    },
    "torch.sign": {
        "mean": 0.019701690099999957,
        "sigma": 0.0005214084710580065
    },
    "torch.sin": {
        "mean": 0.02045380924999911,
        "sigma": 0.0002125316441894047
    },
    "torch.sinh": {
        "mean": 0.020582382899999984,
        "sigma": 0.00021263780371245784
    },
    "torch.sqrt": {
        "mean": 0.020518191549999187,
        "sigma": 0.0005264731174699366
    },
    "torch.tan": {
        "mean": 0.020707462649999186,
        "sigma": 0.0009732335225808268
    },
    "torch.tanh": {
        "mean": 0.020891844150000338,
        "sigma": 0.0007339593251961063
    },
    "torch.trunc": {
        "mean": 0.020678949449999352,
        "sigma": 0.0007060697355413639
    },
    "torch.cumprod": {
        "mean": 0.025049288349999088,
        "sigma": 0.0014288211609227793
    },
    "torch.cumsum": {
        "mean": 0.02517563964999958,
        "sigma": 0.0017820837092298444
    },
    "torch.dist": {
        "mean": 0.030343406800000493,
        "sigma": 0.001401024262026167
    },
    "torch.mean": {
        "mean": 0.026591056450000393,
        "sigma": 0.0016244756402509998
    },
    "torch.median": {
        "mean": 0.026586347399999967,
        "sigma": 0.0012851912132605212
    },
    "torch.mode": {
        "mean": 0.026569771199999082,