{
    "commit": "a07cb5800a69fadfa4e8d2e34c4cb1c29cb4dd6d",
    "cpu-test-base-machine": "Mac Mini with 2.3 GHz i7 processors, 16GB RAM, 250GB SSD",
    "cpu-test-docker-settings": "2 cores, 4GB RAM",
    "test_cpu_speed_mini_sequence_labeler": {
        "mean": 100,
        "sigma": 0.08150000000000013
    },
    "test_cpu_speed_mnist": {
        "mean": 100,
        "sigma": 1.9034999999999993
    },
    "torch.numel": {
        "mean": 0.00035136054386384783,
        "sigma": 5.779459914126854e-05
    },
    "torch.eye": {
        "mean": 0.00216803674120456,
        "sigma": 0.00018002716104925559
    },
    "torch.from_numpy": {
        "mean": 0.001132945283316076,
        "sigma": 3.678644522893738e-05
    },
    "torch.linspace": {
        "mean": 0.0020499126927461474,
        "sigma": 0.00015275796542807117
    },
    "torch.logspace": {
        "mean": 0.0023770877276547255,
        "sigma": 0.0001775939779835752
    },
    "torch.ones": {
        "mean": 0.002375918823527172,
        "sigma": 0.00024297251771992828
    },
    "torch.ones_like": {
        "mean": 0.0020996981009375306,
        "sigma": 0.0001927533071232932
    },
    "torch.arange": {
        "mean": 0.0018594806618057191,
        "sigma": 0.0002086646870559514
    },
    "torch.zeros": {
        "mean": 0.0022905261535197496,
        "sigma": 0.00021444211329977
    },
    "torch.zeros_like": {
        "mean": 0.002337840093532577,
        "sigma": 0.00017903164071704822
    },
    "torch.cat": {
        "mean": 0.002115343485493213,
        "sigma": 0.00022369093761688105
    },
    "torch.chunk": {
        "mean": 0.003457411921117455,
        "sigma": 9.334453942912343e-05
    },
    "torch.gather": {
        "mean": 0.00440267859143205,
        "sigma": 0.0002243242744422893
    },
    "torch.index_select": {
        "mean": 0.003003699250984937,
        "sigma": 8.992692438053772e-05
    },
    "torch.masked_select": {
        "mean": 0.0029693570826202632,
        "sigma": 0.0003832158431042863
    },
    "torch.nonzero": {
        "mean": 0.0018412361422087996,
        "sigma": 0.00022299971715879674
    },
    "torch.split": {
        "mean": 0.0025959881988819686,
        "sigma": 0.0002611323325298857
    },
    "torch.squeeze": {
        "mean": 0.0020653365296311676,
        "sigma": 0.0002900149729395548
    },
    "torch.stack": {
        "mean": 0.004717494965298101,
        "sigma": 0.00040825125537624656
    },
    "torch.t": {
        "mean": 0.001376016492722556,
        "sigma": 0.00017634578158907548
    },
    "torch.take": {
        "mean": 0.0027161191881168636,
        "sigma": 0.00033940781617790544
    },
    "torch.transpose": {
        "mean": 0.0014129846717696637,
        "sigma": 0.00014564077208141055
    },
    "torch.unbind": {
        "mean": 0.00727058217045851,
        "sigma": 0.000558271840369275
    },
    "torch.unsqueeze": {
        "mean": 0.002088130480842665,
        "sigma": 0.00015303781650903784
    },
    "torch.bernoulli": {
        "mean": 0.00204717522719875,
        "sigma": 0.0001678432006852433
    },
    "torch.multinomial": {
        "mean": 0.002819183934479952,
        "sigma": 0.0002178657173801511
    },
    "torch.normal": {
        "mean": 0.00387359588756226,
        "sigma": 0.0002676703371555391
    },
    "torch.rand": {
        "mean": 0.0016946079605259,
        "sigma": 0.00023642150088668302
    },
    "torch.randn": {
        "mean": 0.00306464777328074,
        "sigma": 0.00027652038133090716
    },
    "torch.randperm": {
        "mean": 0.002854666436323896,
        "sigma": 0.0002114493858170002
    },
    "torch.abs": {
        "mean": 0.0017626205482520164,
        "sigma": 6.254128167193214e-05
    },
    "torch.acos": {
        "mean": 0.0019257489359006286,
        "sigma": 7.111393663901591e-05
    },
    "torch.add": {
        "mean": 0.003156609667930752,
        "sigma": 0.00028978182408810453
    },
    "torch.addcdiv": {
        "mean": 0.003467124762246385,
        "sigma": 9.683232022458168e-05
    },
    "torch.addcmul": {
        "mean": 0.0034244721045251936,
        "sigma": 0.00027120655154117684
    },
    "torch.asin": {
        "mean": 0.0017751446878537535,
        "sigma": 9.5551736439985e-05
    },
    "torch.atan": {
        "mean": 0.001906732632778585,
        "sigma": 0.000216160329546305
    },
    "torch.atan2": {
        "mean": 0.0021697189449332655,
        "sigma": 0.00011743557522000694
    },
    "torch.ceil": {
        "mean": 0.00161747588776052,
        "sigma": 6.263560504013148e-05
    },
    "torch.clamp": {
        "mean": 0.0029483683372382077,
        "sigma": 9.505815469612898e-05
    },
    "torch.cos": {
        "mean": 0.0018178612366318702,
        "sigma": 0.00012663931397382597
    },
    "torch.cosh": {
        "mean": 0.0018055991746950895,
        "sigma": 0.00016618960250326377
    },
    "torch.div": {
        "mean": 0.0027236734714824705,
        "sigma": 7.209533351903823e-05
    },
    "torch.erf": {
        "mean": 0.0017374914279207588,
        "sigma": 0.00019845861312754463
    },
    "torch.erfinv": {
        "mean": 0.0024756224523298444,
        "sigma": 8.008027125364661e-05
    },
    "torch.exp": {
        "mean": 0.001842264790320769,
        "sigma": 6.9091458697027e-05
    },
    "torch.floor": {
        "mean": 0.001826747045852244,
        "sigma": 7.489776320468955e-05
    },
    "torch.fmod": {
        "mean": 0.002537500692997128,
        "sigma": 0.0001847341967491394
    },
    "torch.frac": {
        "mean": 0.0016976566531229764,
        "sigma": 0.0001528220920309535
    },
    "torch.lerp": {
        "mean": 0.0023580947029404344,
        "sigma": 0.0002142333507795006
    },
    "torch.log": {
        "mean": 0.0018733279313892127,
        "sigma": 7.406216864558502e-05
    },
    "torch.log1p": {
        "mean": 0.0018883649737108498,
        "sigma": 0.00015642534855911987
    },
    "torch.mul": {
        "mean": 0.002909611323848367,
        "sigma": 0.0003708175503428172
    },
    "torch.neg": {
        "mean": 0.001674161785049364,
        "sigma": 0.00015650848847079444
    },
    "torch.pow": {
        "mean": 0.0031408714689314366,
        "sigma": 0.0001803757140757172
    },
    "torch.reciprocal": {
        "mean": 0.0017667113558854908,
        "sigma": 7.091805181128102e-05
    },
    "torch.remainder": {
        "mean": 0.002483690078370273,
        "sigma": 8.946103055145892e-05
    },
    "torch.round": {
        "mean": 0.0017899051972199232,
        "sigma": 0.00020583418068276327
    },
    "torch.rsqrt": {
        "mean": 0.0018728708638809622,
        "sigma": 8.456636200772207e-05
    },
    "torch.sigmoid": {
        "mean": 0.0016841445851605386,
        "sigma": 5.3937838767578195e-05
    },
    "torch.sign": {
        "mean": 0.0016989151167217643,
        "sigma": 0.0004316382124884774
    },
    "torch.sin": {
        "mean": 0.001791451619938016,
        "sigma": 0.00016838087613384368
    },
    "torch.sinh": {
        "mean": 0.001916406531818211,
        "sigma": 7.26430579451047e-05
    },
    "torch.sqrt": {
        "mean": 0.0019336250913329423,
        "sigma": 0.0002517236276205296
    },
    "torch.tan": {
        "mean": 0.0018784936459269375,
        "sigma": 0.00017620940123334834
    },
    "torch.tanh": {
        "mean": 0.001854578471975401,
        "sigma": 7.652887037235186e-05
    },
    "torch.trunc": {
        "mean": 0.001749735699268058,
        "sigma": 8.672583428493571e-05
    },
    "torch.cumprod": {
        "mean": 0.0019598176376894117,
        "sigma": 0.00015776357574067874
    },
    "torch.cumsum": {
        "mean": 0.0018641951505560428,
        "sigma": 0.00014486553747236207
    },
    "torch.dist": {
        "mean": 0.003989442570600659,
        "sigma": 0.00024331188079102778
    },
    "torch.mean": {
        "mean": 0.0034256036137230695,
        "sigma": 0.0002714112741275928
    },